target,state_id,action_rank,action_id,literal,clause,prefix_analysis_ops,baseline_final_analysis_ops,action_final_analysis_ops,baseline_remaining_ops,action_remaining_ops,final_ops_delta_percent,HIGH_LEVERAGE,direction,conflicts,decisions,propagations,enqueues,proof_sha256,proof_validation,clause_id,conflicts_delta,decisions_delta,propagations_delta,enqueues_delta
T8,T8_S1_B448899,1,907,-456,"[-455, -456]",109301,219571,219571,110270,110270,0.0,False,zero,6087,7162,476510,917507,8615622e9e98ca63d870fd59c24d052e40ee6bad58731689652caa2cc5a81a20,VERIFIED,907,0,0,0,0
T8,T8_S1_B448899,2,916,-422,"[-422, -455]",109301,219571,219571,110270,110270,0.0,False,zero,6087,7162,476510,917507,8615622e9e98ca63d870fd59c24d052e40ee6bad58731689652caa2cc5a81a20,VERIFIED,916,0,0,0,0
T8,T8_S1_B448899,3,918,-323,"[-455, -323]",109301,219571,219571,110270,110270,0.0,False,zero,6087,7162,476510,917507,8615622e9e98ca63d870fd59c24d052e40ee6bad58731689652caa2cc5a81a20,VERIFIED,918,0,0,0,0
T8,T8_S1_B448899,4,919,-248,"[-248, -455]",109301,219571,219571,110270,110270,0.0,False,zero,6087,7162,476510,917507,8615622e9e98ca63d870fd59c24d052e40ee6bad58731689652caa2cc5a81a20,VERIFIED,919,0,0,0,0
T8,T8_S1_B448899,5,920,-233,"[-233, -455]",109301,219571,219571,110270,110270,0.0,False,zero,6087,7162,476510,917500,3a3b746fe340ccde20645f2a9b1925d70cb155d6e5a17a425c447f43073e2a6b,VERIFIED,920,0,0,0,-7
T8,T8_S2_B464745,1,908,-454,"[-454, -456]",113233,219571,219571,106338,106338,0.0,False,zero,6087,7162,476510,917507,8615622e9e98ca63d870fd59c24d052e40ee6bad58731689652caa2cc5a81a20,VERIFIED,908,0,0,0,0
T8,T8_S2_B464745,2,909,-423,"[-423, -456]",113233,219571,219571,106338,106338,0.0,False,zero,6087,7162,476510,917507,8615622e9e98ca63d870fd59c24d052e40ee6bad58731689652caa2cc5a81a20,VERIFIED,909,0,0,0,0
T8,T8_S2_B464745,3,911,-324,"[-456, -324]",113233,219571,219571,106338,106338,0.0,False,zero,6087,7162,476510,917507,8615622e9e98ca63d870fd59c24d052e40ee6bad58731689652caa2cc5a81a20,VERIFIED,911,0,0,0,0
T8,T8_S2_B464745,4,912,-249,"[-249, -456]",113233,219571,219571,106338,106338,0.0,False,zero,6087,7162,476510,917507,8615622e9e98ca63d870fd59c24d052e40ee6bad58731689652caa2cc5a81a20,VERIFIED,912,0,0,0,0
T8,T8_S2_B464745,5,913,-234,"[-234, -456]",113233,219571,219571,106338,106338,0.0,False,zero,6087,7162,476510,917507,8615622e9e98ca63d870fd59c24d052e40ee6bad58731689652caa2cc5a81a20,VERIFIED,913,0,0,0,0
T8,T8_S3_B480028,1,1420,-359,"[-329, -359]",116881,219571,219571,102690,102690,0.0,False,zero,6087,7162,476510,917507,8615622e9e98ca63d870fd59c24d052e40ee6bad58731689652caa2cc5a81a20,VERIFIED,1420,0,0,0,0
T8,T8_S3_B480028,2,1543,-330,"[-329, -330]",116881,219571,219571,102690,102690,0.0,False,zero,6087,7162,476510,917507,8615622e9e98ca63d870fd59c24d052e40ee6bad58731689652caa2cc5a81a20,VERIFIED,1543,0,0,0,0
T8,T8_S3_B480028,3,1548,-281,"[-281, -329]",116881,219571,219571,102690,102690,0.0,False,zero,6087,7162,476510,917507,8615622e9e98ca63d870fd59c24d052e40ee6bad58731689652caa2cc5a81a20,VERIFIED,1548,0,0,0,0
T8,T8_S4_B496417,1,605,-505,"[-505, -507]",120548,219571,219571,99023,99023,0.0,False,zero,6087,7162,476510,917507,8615622e9e98ca63d870fd59c24d052e40ee6bad58731689652caa2cc5a81a20,VERIFIED,605,0,0,0,0
T8,T8_S4_B496417,2,606,-330,"[-507, -330]",120548,219571,219571,99023,99023,0.0,False,zero,6087,7162,476510,917507,8615622e9e98ca63d870fd59c24d052e40ee6bad58731689652caa2cc5a81a20,VERIFIED,606,0,0,0,0
T8,T8_S4_B496417,3,607,-300,"[-300, -507]",120548,219571,219571,99023,99023,0.0,False,zero,6087,7162,476510,917507,8615622e9e98ca63d870fd59c24d052e40ee6bad58731689652caa2cc5a81a20,VERIFIED,607,0,0,0,0
T8,T8_S4_B496417,4,608,-228,"[-228, -507]",120548,219571,219571,99023,99023,0.0,False,zero,6087,7162,476510,917507,8615622e9e98ca63d870fd59c24d052e40ee6bad58731689652caa2cc5a81a20,VERIFIED,608,0,0,0,0
T8,T8_S4_B496417,5,609,-99,"[-99, -507]",120548,219571,219571,99023,99023,0.0,False,zero,6087,7162,476510,917507,8615622e9e98ca63d870fd59c24d052e40ee6bad58731689652caa2cc5a81a20,VERIFIED,609,0,0,0,0
T8,T8_S4_B496417,6,610,-24,"[-24, -507]",120548,219571,219571,99023,99023,0.0,False,zero,6087,7162,476510,917507,8615622e9e98ca63d870fd59c24d052e40ee6bad58731689652caa2cc5a81a20,VERIFIED,610,0,0,0,0
T8,T8_S5_B512042,1,213,-569,"[-569, -188]",124150,219571,219571,95421,95421,0.0,False,zero,6087,7162,476510,917507,8615622e9e98ca63d870fd59c24d052e40ee6bad58731689652caa2cc5a81a20,VERIFIED,213,0,0,0,0
T8,T8_S5_B512042,2,1392,-365,"[-365, -188]",124150,219571,219571,95421,95421,0.0,False,zero,6087,7162,476510,917507,8615622e9e98ca63d870fd59c24d052e40ee6bad58731689652caa2cc5a81a20,VERIFIED,1392,0,0,0,0
T8,T8_S5_B512042,3,1571,-323,"[-323, -188]",124150,219571,219571,95421,95421,0.0,False,zero,6087,7162,476510,917507,8615622e9e98ca63d870fd59c24d052e40ee6bad58731689652caa2cc5a81a20,VERIFIED,1571,0,0,0,0
T8,T8_S5_B512042,4,1851,-251,"[-188, -251]",124150,219571,219571,95421,95421,0.0,False,zero,6087,7162,476510,917507,8615622e9e98ca63d870fd59c24d052e40ee6bad58731689652caa2cc5a81a20,VERIFIED,1851,0,0,0,0
T8,T8_S5_B512042,5,2012,-200,"[-200, -188]",124150,219571,219571,95421,95421,0.0,False,zero,6087,7162,476510,917507,8615622e9e98ca63d870fd59c24d052e40ee6bad58731689652caa2cc5a81a20,VERIFIED,2012,0,0,0,0
T8,T8_S6_B527771,1,148,-579,"[-579, -543]",127813,219571,219571,91758,91758,0.0,False,zero,6087,7162,476510,917507,8615622e9e98ca63d870fd59c24d052e40ee6bad58731689652caa2cc5a81a20,VERIFIED,148,0,0,0,0
T8,T8_S6_B527771,2,165,-576,"[-576, -543]",127813,219571,219571,91758,91758,0.0,False,zero,6087,7162,476510,917507,8615622e9e98ca63d870fd59c24d052e40ee6bad58731689652caa2cc5a81a20,VERIFIED,165,0,0,0,0
T8,T8_S6_B527771,3,387,-363,"[-363, -543]",127813,219571,219571,91758,91758,0.0,False,zero,6087,7162,476510,917507,8615622e9e98ca63d870fd59c24d052e40ee6bad58731689652caa2cc5a81a20,VERIFIED,387,0,0,0,0
T8,T8_S6_B527771,4,390,-42,"[-42, -543]",127813,219571,219571,91758,91758,0.0,False,zero,6087,7162,476510,917507,8615622e9e98ca63d870fd59c24d052e40ee6bad58731689652caa2cc5a81a20,VERIFIED,390,0,0,0,0
T10,T10_S1_B457201,1,177,-575,"[-575, -203]",114980,360959,360959,245979,245979,0.0,False,zero,9783,11441,770564,1479887,20b57dbd8f274c40d3e1d985b60cdc3d12ba36280b13c0390443e3cb9ca4e48b,VERIFIED,177,0,0,0,0
T10,T10_S1_B457201,2,815,-473,"[-473, -203]",114980,360959,360959,245979,245979,0.0,False,zero,9783,11441,770564,1479887,20b57dbd8f274c40d3e1d985b60cdc3d12ba36280b13c0390443e3cb9ca4e48b,VERIFIED,815,0,0,0,0
T10,T10_S1_B457201,3,1996,-204,"[-203, -204]",114980,360959,360959,245979,245979,0.0,False,zero,9783,11441,770564,1479887,20b57dbd8f274c40d3e1d985b60cdc3d12ba36280b13c0390443e3cb9ca4e48b,VERIFIED,1996,0,0,0,0
T10,T10_S1_B457201,4,2000,-202,"[-203, -202]",114980,360959,360959,245979,245979,0.0,False,zero,9783,11441,770564,1479887,20b57dbd8f274c40d3e1d985b60cdc3d12ba36280b13c0390443e3cb9ca4e48b,VERIFIED,2000,0,0,0,0
T10,T10_S1_B457201,5,2001,-167,"[-167, -203]",114980,360959,360959,245979,245979,0.0,False,zero,9783,11441,770564,1479887,20b57dbd8f274c40d3e1d985b60cdc3d12ba36280b13c0390443e3cb9ca4e48b,VERIFIED,2001,0,0,0,0
T10,T10_S1_B457201,6,2002,-2,"[-203, -2]",114980,360959,360959,245979,245979,0.0,False,zero,9783,11441,770564,1479887,20b57dbd8f274c40d3e1d985b60cdc3d12ba36280b13c0390443e3cb9ca4e48b,VERIFIED,2002,0,0,0,0
T10,T10_S2_B472337,1,1061,-430,"[-430, -432]",118721,360959,360959,242238,242238,0.0,False,zero,9783,11441,770564,1479887,20b57dbd8f274c40d3e1d985b60cdc3d12ba36280b13c0390443e3cb9ca4e48b,VERIFIED,1061,0,0,0,0
T10,T10_S2_B472337,2,1062,-375,"[-375, -432]",118721,360959,360959,242238,242238,0.0,False,zero,9783,11441,770564,1479887,20b57dbd8f274c40d3e1d985b60cdc3d12ba36280b13c0390443e3cb9ca4e48b,VERIFIED,1062,0,0,0,0
T10,T10_S2_B472337,3,1064,-237,"[-432, -237]",118721,360959,360959,242238,242238,0.0,False,zero,9783,11441,770564,1479887,20b57dbd8f274c40d3e1d985b60cdc3d12ba36280b13c0390443e3cb9ca4e48b,VERIFIED,1064,0,0,0,0
T10,T10_S2_B472337,4,1065,-231,"[-231, -432]",118721,360959,360959,242238,242238,0.0,False,zero,9783,11441,770564,1479887,20b57dbd8f274c40d3e1d985b60cdc3d12ba36280b13c0390443e3cb9ca4e48b,VERIFIED,1065,0,0,0,0
T10,T10_S2_B472337,5,1066,-204,"[-204, -432]",118721,360959,360959,242238,242238,0.0,False,zero,9783,11441,770564,1479887,20b57dbd8f274c40d3e1d985b60cdc3d12ba36280b13c0390443e3cb9ca4e48b,VERIFIED,1066,0,0,0,0
T10,T10_S3_B488045,1,2544,430,"[430, 432, 431]",122486,360959,360959,238473,238473,0.0,False,zero,9783,11441,770564,1479887,20b57dbd8f274c40d3e1d985b60cdc3d12ba36280b13c0390443e3cb9ca4e48b,VERIFIED,2544,0,0,0,0
T10,T10_S3_B488045,2,5633,27,"[27, 432, 203, 495, 473, 431]",122486,360959,308947,238473,186461,-21.810435562935847,True,speedup,8306,9741,651511,1260485,fa03d36c13423ab8968519bbcc6893b665d6073c72cdc117f09093436bb870ea,VERIFIED,5633,-1477,-1700,-119053,-219402
T10,T10_S4_B504414,1,500,-526,"[-526, -277]",126447,360959,360959,234512,234512,0.0,False,zero,9783,11441,770564,1479887,20b57dbd8f274c40d3e1d985b60cdc3d12ba36280b13c0390443e3cb9ca4e48b,VERIFIED,500,0,0,0,0
T10,T10_S4_B504414,2,884,-463,"[-463, -277]",126447,360959,360959,234512,234512,0.0,False,zero,9783,11441,770564,1479887,20b57dbd8f274c40d3e1d985b60cdc3d12ba36280b13c0390443e3cb9ca4e48b,VERIFIED,884,0,0,0,0
T10,T10_S4_B504414,3,1336,-376,"[-376, -277]",126447,360959,360959,234512,234512,0.0,False,zero,9783,11441,770564,1479887,20b57dbd8f274c40d3e1d985b60cdc3d12ba36280b13c0390443e3cb9ca4e48b,VERIFIED,1336,0,0,0,0
T10,T10_S4_B504414,4,1753,-211,"[-277, -211]",126447,360959,360959,234512,234512,0.0,False,zero,9783,11441,770564,1479887,20b57dbd8f274c40d3e1d985b60cdc3d12ba36280b13c0390443e3cb9ca4e48b,VERIFIED,1753,0,0,0,0
T10,T10_S4_B504414,5,1754,-49,"[-277, -49]",126447,360959,360959,234512,234512,0.0,False,zero,9783,11441,770564,1479887,20b57dbd8f274c40d3e1d985b60cdc3d12ba36280b13c0390443e3cb9ca4e48b,VERIFIED,1754,0,0,0,0
T10,T10_S4_B504414,6,3464,213,"[213, -277, 9]",126447,360959,360959,234512,234512,0.0,False,zero,9783,11441,770564,1479887,20b57dbd8f274c40d3e1d985b60cdc3d12ba36280b13c0390443e3cb9ca4e48b,VERIFIED,3464,0,0,0,0
T10,T10_S5_B521153,1,1134,-418,"[-412, -418]",130434,360959,360959,230525,230525,0.0,False,zero,9783,11441,770564,1479887,20b57dbd8f274c40d3e1d985b60cdc3d12ba36280b13c0390443e3cb9ca4e48b,VERIFIED,1134,0,0,0,0
T10,T10_S5_B521153,2,1160,-385,"[-385, -412]",130434,360959,360959,230525,230525,0.0,False,zero,9783,11441,770564,1479887,20b57dbd8f274c40d3e1d985b60cdc3d12ba36280b13c0390443e3cb9ca4e48b,VERIFIED,1160,0,0,0,0
T10,T10_S5_B521153,3,1163,-184,"[-184, -412]",130434,360959,360959,230525,230525,0.0,False,zero,9783,11441,770564,1479887,20b57dbd8f274c40d3e1d985b60cdc3d12ba36280b13c0390443e3cb9ca4e48b,VERIFIED,1163,0,0,0,0
T10,T10_S5_B521153,4,1164,-178,"[-178, -412]",130434,360959,360959,230525,230525,0.0,False,zero,9783,11441,770564,1479887,20b57dbd8f274c40d3e1d985b60cdc3d12ba36280b13c0390443e3cb9ca4e48b,VERIFIED,1164,0,0,0,0
T10,T10_S6_B537523,1,400,-541,"[-205, -541]",134284,360959,360959,226675,226675,0.0,False,zero,9783,11441,770564,1479887,20b57dbd8f274c40d3e1d985b60cdc3d12ba36280b13c0390443e3cb9ca4e48b,VERIFIED,400,0,0,0,0
T10,T10_S6_B537523,2,1466,-349,"[-349, -205]",134284,360959,360959,226675,226675,0.0,False,zero,9783,11441,770564,1479887,20b57dbd8f274c40d3e1d985b60cdc3d12ba36280b13c0390443e3cb9ca4e48b,VERIFIED,1466,0,0,0,0
T10,T10_S6_B537523,3,1981,-208,"[-208, -205]",134284,360959,360959,226675,226675,0.0,False,zero,9783,11441,770564,1479887,20b57dbd8f274c40d3e1d985b60cdc3d12ba36280b13c0390443e3cb9ca4e48b,VERIFIED,1981,0,0,0,0
T10,T10_S6_B537523,4,1994,-181,"[-181, -205]",134284,360959,360959,226675,226675,0.0,False,zero,9783,11441,770564,1479887,20b57dbd8f274c40d3e1d985b60cdc3d12ba36280b13c0390443e3cb9ca4e48b,VERIFIED,1994,0,0,0,0
T10,T10_S6_B537523,5,1995,-103,"[-205, -103]",134284,360959,360959,226675,226675,0.0,False,zero,9783,11441,770564,1479887,20b57dbd8f274c40d3e1d985b60cdc3d12ba36280b13c0390443e3cb9ca4e48b,VERIFIED,1995,0,0,0,0
T13,T13_S1_B449502,1,460,-530,"[-531, -530]",110250,203422,203422,93172,93172,0.0,False,zero,5441,6306,435275,826757,0b7da018317566532cfa79cfb33cfa1f1a898df3d461fb36658bb8a45f187e04,VERIFIED,460,0,0,0,0
T13,T13_S1_B449502,2,462,-417,"[-417, -531]",110250,203422,203422,93172,93172,0.0,False,zero,5441,6306,435275,826757,0b7da018317566532cfa79cfb33cfa1f1a898df3d461fb36658bb8a45f187e04,VERIFIED,462,0,0,0,0
T13,T13_S1_B449502,3,464,-294,"[-294, -531]",110250,203422,203422,93172,93172,0.0,False,zero,5441,6306,435275,826757,0b7da018317566532cfa79cfb33cfa1f1a898df3d461fb36658bb8a45f187e04,VERIFIED,464,0,0,0,0
T13,T13_S1_B449502,4,465,-213,"[-213, -531]",110250,203422,203422,93172,93172,0.0,False,zero,5441,6306,435275,826757,0b7da018317566532cfa79cfb33cfa1f1a898df3d461fb36658bb8a45f187e04,VERIFIED,465,0,0,0,0
T13,T13_S1_B449502,5,467,-135,"[-135, -531]",110250,203422,203422,93172,93172,0.0,False,zero,5441,6306,435275,826757,0b7da018317566532cfa79cfb33cfa1f1a898df3d461fb36658bb8a45f187e04,VERIFIED,467,0,0,0,0
T13,T13_S2_B464518,1,662,-496,"[-498, -496]",113974,203422,203422,89448,89448,0.0,False,zero,5441,6306,435275,826757,0b7da018317566532cfa79cfb33cfa1f1a898df3d461fb36658bb8a45f187e04,VERIFIED,662,0,0,0,0
T13,T13_S2_B464518,2,663,-453,"[-453, -498]",113974,203422,203422,89448,89448,0.0,False,zero,5441,6306,435275,826757,0b7da018317566532cfa79cfb33cfa1f1a898df3d461fb36658bb8a45f187e04,VERIFIED,663,0,0,0,0
T13,T13_S2_B464518,3,664,-321,"[-321, -498]",113974,203422,203422,89448,89448,0.0,False,zero,5441,6306,435275,826757,0b7da018317566532cfa79cfb33cfa1f1a898df3d461fb36658bb8a45f187e04,VERIFIED,664,0,0,0,0
T13,T13_S2_B464518,4,665,-276,"[-498, -276]",113974,203422,203422,89448,89448,0.0,False,zero,5441,6306,435275,826757,0b7da018317566532cfa79cfb33cfa1f1a898df3d461fb36658bb8a45f187e04,VERIFIED,665,0,0,0,0
T13,T13_S3_B479328,1,835,-469,"[-469, -382]",117260,203422,203422,86162,86162,0.0,False,zero,5441,6306,435275,826757,0b7da018317566532cfa79cfb33cfa1f1a898df3d461fb36658bb8a45f187e04,VERIFIED,835,0,0,0,0
T13,T13_S3_B479328,2,910,-457,"[-457, -382]",117260,203422,203422,86162,86162,0.0,False,zero,5441,6306,435275,826757,0b7da018317566532cfa79cfb33cfa1f1a898df3d461fb36658bb8a45f187e04,VERIFIED,910,0,0,0,0
T13,T13_S3_B479328,3,929,-454,"[-382, -454]",117260,203422,203422,86162,86162,0.0,False,zero,5441,6306,435275,826757,0b7da018317566532cfa79cfb33cfa1f1a898df3d461fb36658bb8a45f187e04,VERIFIED,929,0,0,0,0
T13,T13_S3_B479328,4,1299,-383,"[-382, -383]",117260,203422,203422,86162,86162,0.0,False,zero,5441,6306,435275,826757,0b7da018317566532cfa79cfb33cfa1f1a898df3d461fb36658bb8a45f187e04,VERIFIED,1299,0,0,0,0
T13,T13_S3_B479328,5,1303,-148,"[-148, -382]",117260,203422,203422,86162,86162,0.0,False,zero,5441,6306,435275,826757,0b7da018317566532cfa79cfb33cfa1f1a898df3d461fb36658bb8a45f187e04,VERIFIED,1303,0,0,0,0
T13,T13_S3_B479328,6,1304,-127,"[-127, -382]",117260,203422,203422,86162,86162,0.0,False,zero,5441,6306,435275,826757,50c08828fb0be4232e8224f4a97370e38c04beb1acb5018247d9064041bfaafb,VERIFIED,1304,0,0,0,0
T13,T13_S4_B495919,1,822,-471,"[-471, -384]",121418,203422,203422,82004,82004,0.0,False,zero,5441,6306,435275,826757,0b7da018317566532cfa79cfb33cfa1f1a898df3d461fb36658bb8a45f187e04,VERIFIED,822,0,0,0,0
T13,T13_S4_B495919,2,916,-456,"[-456, -384]",121418,203422,203422,82004,82004,0.0,False,zero,5441,6306,435275,826757,cc1690af104964688b0b0d9a9b48dbd20c94fd26832df937d75356fd30b7ccaa,VERIFIED,916,0,0,0,0
T13,T13_S4_B495919,3,1296,-150,"[-150, -384]",121418,203422,203422,82004,82004,0.0,False,zero,5441,6306,435275,826757,0b7da018317566532cfa79cfb33cfa1f1a898df3d461fb36658bb8a45f187e04,VERIFIED,1296,0,0,0,0
T13,T13_S4_B495919,4,1297,-129,"[-129, -384]",121418,203422,203422,82004,82004,0.0,False,zero,5441,6306,435275,826757,8680371942f910b0607010740da9aa1614d766a23d1354127d5953f36960b7d5,VERIFIED,1297,0,0,0,0
T13,T13_S5_B512606,1,914,-456,"[-454, -456]",125397,203422,203422,78025,78025,0.0,False,zero,5441,6306,435275,826757,0b7da018317566532cfa79cfb33cfa1f1a898df3d461fb36658bb8a45f187e04,VERIFIED,914,0,0,0,0
T13,T13_S5_B512606,2,921,-455,"[-455, -454]",125397,203422,203422,78025,78025,0.0,False,zero,5441,6306,435275,826757,0b7da018317566532cfa79cfb33cfa1f1a898df3d461fb36658bb8a45f187e04,VERIFIED,921,0,0,0,0
T13,T13_S5_B512606,3,928,-421,"[-421, -454]",125397,203422,203422,78025,78025,0.0,False,zero,5441,6306,435275,826757,0b7da018317566532cfa79cfb33cfa1f1a898df3d461fb36658bb8a45f187e04,VERIFIED,928,0,0,0,0
T13,T13_S5_B512606,4,929,-382,"[-382, -454]",125397,203422,203422,78025,78025,0.0,False,zero,5441,6306,435275,826757,0b7da018317566532cfa79cfb33cfa1f1a898df3d461fb36658bb8a45f187e04,VERIFIED,929,0,0,0,0
T13,T13_S5_B512606,5,931,-322,"[-322, -454]",125397,203422,203422,78025,78025,0.0,False,zero,5441,6306,435275,826757,0b7da018317566532cfa79cfb33cfa1f1a898df3d461fb36658bb8a45f187e04,VERIFIED,931,0,0,0,0
T13,T13_S5_B512606,6,932,-232,"[-232, -454]",125397,203422,203422,78025,78025,0.0,False,zero,5441,6306,435275,826757,0b7da018317566532cfa79cfb33cfa1f1a898df3d461fb36658bb8a45f187e04,VERIFIED,932,0,0,0,0
T13,T13_S6_B527409,1,1690,-274,"[-274, -292]",128915,203422,203422,74507,74507,0.0,False,zero,5441,6306,435275,826757,0b7da018317566532cfa79cfb33cfa1f1a898df3d461fb36658bb8a45f187e04,VERIFIED,1690,0,0,0,0
T13,T13_S6_B527409,2,1691,-271,"[-271, -292]",128915,203422,203422,74507,74507,0.0,False,zero,5441,6306,435275,826757,0b7da018317566532cfa79cfb33cfa1f1a898df3d461fb36658bb8a45f187e04,VERIFIED,1691,0,0,0,0
T13,T13_S6_B527409,3,1692,-16,"[-16, -292]",128915,203422,203422,74507,74507,0.0,False,zero,5441,6306,435381,826757,0b7da018317566532cfa79cfb33cfa1f1a898df3d461fb36658bb8a45f187e04,VERIFIED,1692,0,0,106,0
T13,T13_S6_B527409,4,2596,587,"[587, 586, 588]",128915,203422,203422,74507,74507,0.0,False,zero,5441,6306,435275,826757,0b7da018317566532cfa79cfb33cfa1f1a898df3d461fb36658bb8a45f187e04,VERIFIED,2596,0,0,0,0
